NAME,YEAR,total.weight.g,total.catch.n
Acetes americanus carolinae,2008,14.4,343
Anchoa hepsetus,2008,509.2,55
Anchoa lyolepis,2008,0.8,1
Anchoa mitchilli,2008,67462.9,93916
Archosargus probatocephalus,2008,478,2
Ariopsis felis,2008,1415.4,77
Bagre marinus,2008,2098,102
Bairdiella chrysoura,2008,4409.2,198
Brevoortia patronus,2008,1160.5,55
Callinectes sapidus,2008,482.8,18
Callinectes similis,2008,52.5,39
Caranx hippos,2008,57.9,8
Chaetodipterus faber,2008,12.2,1
Chloroscombrus chrysurus,2008,566.8,82
Chrysaora quinquecirrha,2008,412.7,22
Citharichthys spilopterus,2008,6.8,2
Cynoscion arenarius,2008,2055.1,391
Cynoscion nebulosus,2008,2388.7,13
Cynoscion nothus,2008,93,3
Dorosoma petenense,2008,434.7,34
Elops saurus,2008,134.5,3
Etropus crossotus,2008,100.7,3
Farfantepenaeus aztecus,2008,4953.6,687
Harengula jaguana,2008,135.1,7
Ictalurus furcatus,2008,578.9,1
Ictalurus punctatus,2008,422,1
Lagodon rhomboides,2008,281.5,8
Leiostomus xanthurus,2008,4759,350
Lepisosteus osseus,2008,5428.6,2
Lepomis microlophus,2008,1178.8,6
Libinia emarginata,2008,8.4,1
Litopenaeus setiferus,2008,1912.5,564
Lolliguncula brevis,2008,1968,489
Menticirrhus americanus,2008,6,2
Microgobius gulosus,2008,0.1,1
Microgobius thalassinus,2008,0,1
Micropogonias undulatus,2008,24712.9,777
Mnemiopsis mccradyi,2008,0,NA
Mugil cephalus,2008,23551.7,144
Mugil curema,2008,144.5,3
Opisthonema oglinum,2008,47,2
Pagurus pollicaris,2008,7.7,3
Paralichthys lethostigma,2008,89.5,1
Peprilus burti,2008,802.6,69
Peprilus paru,2008,227.3,14
Pogonias cromis,2008,1957.8,8
Pomatomus saltatrix,2008,41.7,2
Porichthys plectrodon,2008,0.2,1
Prionotus tribulus,2008,5.3,1
Rhizoprionodon terraenovae,2008,181.2,1
Scomberomorus maculatus,2008,5.1,2
Selene setapinnis,2008,441.9,70
Selene vomer,2008,13.1,2
Sphoeroides parvus,2008,2.9,2
Squilla empusa,2008,15.4,2
Stellifer lanceolatus,2008,392,1193
Symphurus plagiusa,2008,101.3,11
Syngnathus louisianae,2008,0.7,2
Trichiurus lepturus,2008,6410.3,283
Trinectes maculatus,2008,40.4,3
Acetes americanus carolinae,2009,1219.4,26764
Alpheus angulatus,2009,3.8,2
Alpheus estuariensis,2009,26.1,16
Alpheus floridanus,2009,0.5,1
Alpheus heterochaelis,2009,4.5,3
Amanthia verticillatum,2009,0,NA
Anadara ovalis,2009,3,1
Anchoa hepsetus,2009,8265.58,5365
Anchoa lyolepis,2009,491.8,1365
Anchoa mitchilli,2009,202660,226335
Archosargus probatocephalus,2009,3405.3,22
Ariopsis felis,2009,24352.8,550
Ariopsis felis YOY,2009,1114.5,420
Astroscopus y-graecum,2009,0.5,1
Aurelia aurita,2009,0,305
Bagre marinus,2009,5807.6,148
Bairdiella chrysoura,2009,5065.4,242
Bothus sp.,2009,0.1,1
Branchellion ravenelii,2009,0.1,1
Brasilomysis castroi,2009,0,8
Brevoortia patronus,2009,1589.2,1904
Busycotypus plagosus,2009,15.8,1
Calliactis tricolor,2009,4.7,2
Callinectes sapidus,2009,4460.7,90
Callinectes similis,2009,906.9,333
Cantharus cancellarius,2009,113.6,160
Caranx crysos,2009,30.3,1
Caranx hippos,2009,2.8,1
Centropristis philadelphica,2009,33.9,1
Chaetodipterus faber,2009,414.9,22
Chilomycterus schoepfi,2009,287.6,2
Chloroscombrus chrysurus,2009,10030.4,3265
Chrysaora quinquecirrha,2009,4.6,594
Citharichthys spilopterus,2009,110.7,20
Clibanarius vittatus,2009,16.4,3
Ctenogobius boleosoma,2009,3.3,5
Ctenogobius shufeldti,2009,1.5,1
Cynoscion arenarius,2009,11769,1956
Cynoscion arenarius YOY,2009,488.1,913
Cynoscion nebulosus,2009,473.5,7
Cynoscion nothus,2009,715.4,38
Dasyatis americana,2009,868.7,1
Dasyatis sabina,2009,11613.3,24
Diopatra cuprea,2009,2.5,4
Dormitator maculatus,2009,0,3
Dorosoma petenense,2009,4038.7,226
Echeneis naucrates,2009,116.2,1
Elops saurus,2009,2.5,16
Erotelis smaragdus,2009,21.2,3
Etropus crossotus,2009,1152.8,116
Eucinostomus argenteus,2009,189,22
Farfantepenaeus aztecus,2009,2987.7,622
Farfantepenaeus duorarum,2009,27.6,3
Glycera americana,2009,1.1,2
Gobioides broussonnetii,2009,83.3,1
Gobionellus oceanicus,2009,128.8,10
Gobiosoma bosc,2009,3,4
Gymnothorax saxicola,2009,87.4,1
Harengula jaguana,2009,995.7,187
Hemicaranx amblyrhynchus,2009,299.4,62
Hepatus epheliticus,2009,7.5,4
Hexapanopeus angustifrons,2009,4.6,4
Hydractinia echinata,2009,0,240
Ictalurus punctatus,2009,1523.1,9
Ischadium recurvum,2009,0.2,1
Lagodon rhomboides,2009,160.9,8
Larimus fasciatus,2009,112.4,18
Leiostomus xanthurus,2009,27747.9,2059
Lepisosteus osseus,2009,14670,5
Libinia emarginata,2009,7.5,3
Litopenaeus setiferus,2009,3217.7,1365
Livoneca redmanii,2009,0.2,2
Lobotes surinamensis,2009,2235.4,1
Lolliguncula brevis,2009,26162.1,6793
Lucifer faxoni,2009,0,10
Luidia clathrata,2009,1656.5,176
Lutjanus campechanus,2009,927.5,62
Lutjanus synagris,2009,319.7,13
Macrobrachium ohione,2009,17.9,50
Mellita quinquiesperforata,2009,9.7,12
Menticirrhus americanus,2009,500.2,33
Metoporhaphis calcarata,2009,1.6,2
Microgobius gulosus,2009,0.1,2
Microgobius thalassinus,2009,0.3,62
Micropholis atra,2009,0.6,4
Micropogonias undulatus,2009,85031.7,3546
Micropogonias undulatus YOY,2009,907.3,495
Mnemiopsis mccradyi,2009,0,NA
Mugil cephalus,2009,336.8,3
Myrophis punctatus,2009,0.2,2
Neanthes succinea,2009,0,8
Neverita duplicata,2009,48.9,3
Ophichthus gomesii,2009,48.8,1
Ophidion welshi,2009,9.8,1
Opisthonema oglinum,2009,734.4,99
Opsanus beta,2009,30.4,1
Orthopristis chrysoptera,2009,18.1,3
Pagurus longicarpus,2009,0.2,1
Pagurus pollicaris,2009,32.4,23
Palaemonetes pugio,2009,1.6,5
Palaemonetes vulgaris,2009,0.3,2
Paralichthys lethostigma,2009,822.1,5
Paranthus rapiformes,2009,3,1
Peprilus burti,2009,3427.5,323
Peprilus paru,2009,1143.9,120
Persephona crinita,2009,20.4,7
Pinnixa pearsei,2009,0.3,2
Pogonias cromis,2009,984.6,9
Pomatomus saltatrix,2009,8.2,1
Porichthys plectrodon,2009,16.9,2
Portunus gibbesii,2009,77.5,68
Prionotus longispinosus,2009,117.6,11
Prionotus tribulus,2009,59.8,25
Rangia cuneata,2009,2,3
Rhacostoma atlanticum,2009,0,6
Rhinoptera bonasus,2009,1317.9,1
Rhizoprionodon terraenovae,2009,1043.7,2
Rimapenaeus constrictus,2009,15.7,44
Rimapenaeus similis,2009,102.6,178
Scomberomorus maculatus,2009,2.1,4
Selene setapinnis,2009,300.1,51
Selene vomer,2009,23.9,8
Sicyonia dorsalis,2009,0.4,1
Sphoeroides parvus,2009,61.9,14
Sphyraena guachancho,2009,28.7,9
Squilla empusa,2009,774.4,159
Stellifer lanceolatus,2009,3075.5,909
Stellifer lanceolatus YOY,2009,8.3,11
Symphurus civitatium,2009,559.5,51
Symphurus plagiusa,2009,495.6,41
Syngnathus louisianae,2009,12,8
Synodus foetens,2009,229.2,9
Trachinotus carolinus,2009,33.4,1
Trichiurus lepturus,2009,10543.8,414
Trinectes maculatus,2009,206.9,23
Urophycis floridana,2009,58.1,4
Acetes americanus carolinae,2010,490.1,13746
Alpheus angulatus,2010,0,1
Amanthia verticillatum,2010,0,NA
Anchoa hepsetus,2010,4634.1,734
Anchoa lyolepis,2010,318.5,634
Anchoa mitchilli,2010,78119.1,110395
Ancylopsetta ommata,2010,35.4,1
Antennarius radiosus,2010,10.5,2
Archosargus probatocephalus,2010,188.6,2
Ariopsis felis,2010,26143.8,461
Aurelia aurita,2010,0,68
Bagre marinus,2010,13978,780
Bagre marinus YOY,2010,447.1,63
Bairdiella chrysoura,2010,2454.6,122
Beroe ovata,2010,0,NA
Brevoortia patronus,2010,4931.4,1505
Brotula barbata,2010,11.9,1
Busycon sinistrum,2010,205.7,3
Callinectes sapidus,2010,5980.7,68
Callinectes similis,2010,283.2,143
Cantharus cancellarius,2010,38.4,33
Carcharhinus limbatus,2010,699.7,1
Centropristis philadelphica,2010,0.1,1
Chaetodipterus faber,2010,66.6,7
Chasmodes saburrae,2010,1.9,1
Chloroscombrus chrysurus,2010,485,157
Chrysaora quinquecirrha,2010,0,196
Citharichthys spilopterus,2010,92.3,16
Clibanarius vittatus,2010,1.2,3
Cynoscion arenarius,2010,7959.2,467
Cynoscion arenarius YOY,2010,1059.7,211
Cynoscion nebulosus,2010,651.6,21
Cynoscion nothus,2010,1199.1,47
Dasyatis sabina,2010,7297.7,16
Dasyatis say,2010,232.4,1
Dorosoma petenense,2010,11236.9,754
Eleotris pisonis,2010,27.3,1
Elops saurus,2010,0,1
Etropus crossotus,2010,549.4,57
Eucinostomus argenteus,2010,91.7,10
Farfantepenaeus aztecus,2010,3194.3,589
Gobionellus oceanicus,2010,28.9,2
Harengula jaguana,2010,771.3,48
Hemicaranx amblyrhynchus,2010,102.4,36
Hepatus epheliticus,2010,10.8,1
Ictalurus furcatus,2010,546.1,8
Lagodon rhomboides,2010,228.5,11
Larimus fasciatus,2010,186.4,13
Leiostomus xanthurus,2010,45631.5,5980
Leiostomus xanthurus YOY,2010,8793.8,1586
Lepisosteus osseus,2010,7257.5,1
Libinia emarginata,2010,55.1,10
Limulus polyphemus,2010,2000,1
Litopenaeus setiferus,2010,27659,4373
Livoneca redmanii,2010,0.5,4
Lolliguncula brevis,2010,17752.8,3214
Luidia clathrata,2010,699.9,121
Lutjanus synagris,2010,19.5,1
Macrobrachium ohione,2010,4.1,10
Mellita quinquiesperforata,2010,0.3,1
Menidia beryllina,2010,3.7,1
Menticirrhus americanus,2010,1124.1,44
Microgobius thalassinus,2010,0.6,1
Micropholis atra,2010,0,1
Micropogonias undulatus,2010,143888.1,13975
Micropogonias undulatus YOY,2010,2319.8,402
Mnemiopsis mccradyi,2010,0,NA
Mugil cephalus,2010,416.1,3
Myzobdella lugubris,2010,0,1
Neverita duplicata,2010,18.2,5
No Catch,2010,0,NA
Ophiolepis elegans,2010,0.7,8
Opisthonema oglinum,2010,99.4,12
Ovalipes floridanus,2010,3.9,1
Pagurus longicarpus,2010,0.9,1
Pagurus pollicaris,2010,3.2,2
Palaemonetes vulgaris,2010,0.2,5
Paralichthys lethostigma,2010,1068.7,10
Paranthus rapiformes,2010,3.9,4
Peprilus burti,2010,17021,942
Peprilus paru,2010,644.4,52
Persephona crinita,2010,17.2,5
Pogonias cromis,2010,12900.2,24
Pomatomus saltatrix,2010,11.3,1
Portunus gibbesii,2010,81.5,95
Portunus spinimanus,2010,2.5,4
Prionotus longispinosus,2010,129.4,18
Prionotus rubio,2010,25.5,2
Prionotus tribulus,2010,78.8,16
Rangia cuneata,2010,21.1,11
Rhithropanopeus harrisii,2010,4.5,8
Rhizoprionodon terraenovae,2010,2392.3,3
Rimapenaeus constrictus,2010,49.8,18
Rimapenaeus similis,2010,79,80
Sardinella janeiro,2010,0.8,1
Scomberomorus maculatus,2010,0.3,1
Selene setapinnis,2010,779,142
Selene vomer,2010,65.8,16
Sphoeroides parvus,2010,89.8,13
Sphyraena guachancho,2010,0.3,1
Sphyrna tiburo,2010,629.3,1
Squilla empusa,2010,237.1,30
Stellifer lanceolatus,2010,3037.5,421
Stellifer lanceolatus YOY,2010,100.7,474
Stenotomus caprinus,2010,29.4,6
Stephanolepis hispida,2010,1.8,1
Symphurus civitatium,2010,100.9,14
Symphurus plagiusa,2010,78.3,10
Syngnathus louisianae,2010,15.9,4
Synodus foetens,2010,127.9,5
Trichiurus lepturus,2010,1590.7,70
Trinectes maculatus,2010,64.8,11
Urophycis floridana,2010,1098.1,63
Acetes americanus carolinae,2011,129.7,3111
Amanthia verticillatum,2011,0,NA
Amathia sp.,2011,0,NA
Anchoa hepsetus,2011,4617.3,1641
Anchoa lyolepis,2011,643.4,496
Anchoa mitchilli,2011,61691.3,115608
Archosargus probatocephalus,2011,120.5,1
Ariopsis felis,2011,13268.4,119
Ariopsis felis YOY,2011,35.4,40
Astroscopus y-graecum,2011,0.6,1
Astyris lunata,2011,0,5
Aurelia aurita,2011,0,904
Bagre marinus,2011,8049.1,509
Bairdiella chrysoura,2011,1396.3,64
Beroe ovata,2011,0,NA
Brevoortia patronus,2011,6428.1,1344
Calliactis tricolor,2011,6.8,4
Callinectes sapidus,2011,3115.6,47
Callinectes similis,2011,123.7,395
Cantharus cancellarius,2011,20.3,33
Caranx crysos,2011,126.2,4
Caranx hippos,2011,69.8,8
Chaetodipterus faber,2011,3.6,1
Chloroscombrus chrysurus,2011,42629.8,8316
Chloroscombrus chrysurus YOY,2011,2.4,3
Chrysaora quinquecirrha,2011,0,596
Citharichthys spilopterus,2011,39.8,8
Clibanarius vittatus,2011,0.2,19
Craniella sp.,2011,14.6,1
Crepidula convexa,2011,0,1
Ctenogobius boleosoma,2011,0.4,1
Cynoscion arenarius,2011,4102.5,311
Cynoscion nebulosus,2011,588.6,18
Cynoscion nothus,2011,165.5,5
Dasyatis sabina,2011,6418.9,11
Dasyatis say,2011,3241.2,3
Dorosoma petenense,2011,1755.9,100
Elops saurus,2011,0.9,5
Etropus crossotus,2011,161.4,24
Eurypanopeus depressus,2011,1.8,3
Farfantepenaeus aztecus,2011,6848.9,978
Farfantepenaeus duorarum,2011,101.3,10
Harengula jaguana,2011,2170.8,122
Hemicaranx amblyrhynchus,2011,84,6
Hemipholis elongata,2011,0.3,4
Hexapanopeus angustifrons,2011,0.6,2
Hippocampus erectus,2011,1,1
Ischadium recurvum,2011,1.2,1
Lagodon rhomboides,2011,308.3,18
Larimus fasciatus,2011,115.7,9
Leiostomus xanthurus,2011,39395.5,11191
Leiostomus xanthurus YOY,2011,5206.3,3715
Lepisosteus osseus,2011,5080,2
Libinia emarginata,2011,3,1
Litopenaeus setiferus,2011,4659.4,943
Livoneca redmanii,2011,1.5,9
Lolliguncula brevis,2011,13117.6,1654
Luidia clathrata,2011,553.7,49
Lutjanus campechanus,2011,3.3,1
MIcropogonias undulatus,2011,1446.9,38
Macrobrachium ohione,2011,2.8,11
Menidia beryllina,2011,7.4,2
Menticirrhus americanus,2011,68.5,13
Metoporhaphis calcarata,2011,0.6,1
Micropogonias undulatus,2011,39675.8,1615
Micropogonias undulatus YOY,2011,627.3,471
Mnemiopsis mccradyi,2011,0,NA
Myrophis punctatus,2011,0.4,1
Nassarius acutus,2011,0.1,7
Nerocila acuminata,2011,1.6,2
Neverita duplicata,2011,19.8,6
No Catch,2011,0,NA
Nuculana concentrica,2011,0,1
Ophichthus gomesii,2011,16.7,1
Ophiolepis elegans,2011,0,1
Opisthonema oglinum,2011,913.5,137
Orthopristis chrysoptera,2011,13.1,1
Ovalipes floridanus,2011,4.9,2
Pagurus pollicaris,2011,11.5,11
Panopeidae,2011,0,2
Paracaprella tenuis,2011,0,1
Paralichthys lethostigma,2011,220.4,3
Paranthus rapiformes,2011,6.7,4
Peprilus burti,2011,19553.2,1566
Peprilus burti YOY,2011,0.5,1
Peprilus paru,2011,2219.1,210
Persephona crinita,2011,3.7,1
Pogonias cromis,2011,17.4,1
Porichthys plectrodon,2011,2.1,3
Portunus gibbesii,2011,33,105
Portunus spinimanus,2011,16.6,26
Prionotus longispinosus,2011,11.5,1
Prionotus tribulus,2011,75.4,12
Rangia cuneata,2011,6.1,4
Rhacostoma atlanticum,2011,0,5
Rhinoptera bonasus,2011,1114.5,1
Rhithropanopeus harrisii,2011,0.9,3
Rimapenaeus similis,2011,19.7,19
Sciaenops ocellatus,2011,0,1
Selene setapinnis,2011,2594.9,374
Selene vomer,2011,6.2,2
Sphoeroides parvus,2011,62.4,16
Sphyrna tiburo,2011,364.2,2
Squilla empusa,2011,59.9,20
Stellifer lanceolatus,2011,31.8,32
Stramonita haemastoma canaliculata,2011,35.7,NA
Symphurus civitatium,2011,4.3,1
Symphurus plagiusa,2011,78.9,9
Syngnathus louisianae,2011,3.2,3
Syngnathus scovelli,2011,0.6,1
Synodus foetens,2011,56,39
Trichiurus lepturus,2011,3328.6,124
Trinectes maculatus,2011,253.2,26
Urophycis floridana,2011,7685,634
Acetes americanus carolinae,2012,828,20376
Alosa chrysochloris,2012,54,3
Alpheus angulatus,2012,0.5,2
Alpheus estuariensis,2012,4.7,5
Aluterus scriptus,2012,3.1,1
Amanthia verticillatum,2012,50.6,NA
Amathia convoluta,2012,0,NA
Amathia sp.,2012,18.2,NA
Anadara ovalis,2012,10.6,61
Anadara transversa,2012,0.1,2
Anchoa hepsetus,2012,1355.3,550
Anchoa lyolepis,2012,75.4,222
Anchoa mitchilli,2012,76352.1,109909
Archosargus probatocephalus,2012,0.2,1
Ariopsis felis,2012,25785.6,504
Ariopsis felis YOY,2012,319.6,22
Astyris lunata,2012,0,5
Aurelia aurita,2012,0,5
Bagre marinus,2012,11167.2,693
Bagre marinus YOY,2012,425.2,67
Bairdiella chrysoura,2012,1955.2,328
Beroe ovata,2012,0,NA
Brevoortia patronus,2012,28841,1524
Brevoortia patronus YOY,2012,1227.4,1334
Calliactis tricolor,2012,6.7,4
Callinectes sapidus,2012,1695.8,29
Callinectes similis,2012,372.9,277
Cantharus cancellarius,2012,2.9,10
Centropristis philadelphica,2012,56.4,6
Chaetodipterus faber,2012,201,14
Chilomycterus schoepfi,2012,743.3,4
Chloroscombrus chrysurus,2012,5114,1540
Chrysaora quinquecirrha,2012,0,132
Citharichthys spilopterus,2012,225.7,31
Clibanarius vittatus,2012,0.5,9
Ctenogobius boleosoma,2012,0.8,1
Cynoscion arenarius,2012,5349.8,604
Cynoscion nebulosus,2012,137.9,4
Cynoscion nothus,2012,429.2,15
Cyrtopleura costata,2012,0,1
Dasyatis sabina,2012,26499.1,35
Dasyatis say,2012,5603.2,3
Diplectrum bivittatum,2012,37.8,2
Dorosoma petenense,2012,1425.8,65
Elops saurus,2012,2.7,18
Etropus crossotus,2012,405.4,48
Eucinostomus argenteus,2012,923.7,76
Eurypanopeus depressus,2012,0.7,1
Farfantepenaeus aztecus,2012,5407.4,685
Farfantepenaeus duorarum,2012,14.8,3
Gobiesox strumosus,2012,6.5,4
Gobionellus oceanicus,2012,52,2
Haemulon aurolineatum,2012,0.1,1
Harengula jaguana,2012,886,72
Hemicaranx amblyrhynchus,2012,139.1,39
Hexapanopeus angustifrons,2012,2.1,7
Hippolyte coerulescens,2012,0,4
Hyporhamphus meeki,2012,40,1
Lagodon rhomboides,2012,255,15
Larimus fasciatus,2012,436.8,39
Latreutes parvulus,2012,3.2,206
Leiostomus xanthurus,2012,19711.2,1495
Leiostomus xanthurus YOY,2012,2653.6,693
Libinia emarginata,2012,13.1,7
Litiopa melanostoma,2012,0.7,42
Litopenaeus setiferus,2012,2814.5,636
Livoneca redmanii,2012,1.2,14
Lolliguncula brevis,2012,12618.5,3316
Luidia clathrata,2012,64.8,6
Lutjanus campechanus,2012,60.4,7
Lutjanus synagris,2012,337.3,18
Macoma brevifrons,2012,0.6,1
Macrobrachium ohione,2012,1.5,3
Menippe adina,2012,99.7,2
Menticirrhus americanus,2012,403.2,10
Metoporhaphis calcarata,2012,5.2,7
Micropogonias undulatus,2012,45361.9,3941
Micropogonias undulatus YOY,2012,1762.9,1940
Mnemiopsis mccradyi,2012,0,NA
Molgula manhattensis,2012,1.6,4
Mulinia lateralis,2012,0.9,2
Myrophis punctatus,2012,0.6,3
Myzobdella lugubris,2012,0,1
Nassarius acutus,2012,0.5,23
Nerocila acuminata,2012,1.7,6
Neverita duplicata,2012,9.9,2
No catch,2012,0,NA
Opisthonema oglinum,2012,45.8,12
Ovalipes floridanus,2012,12.1,6
Pagurus longicarpus,2012,2.2,3
Pagurus pollicaris,2012,17.8,148
Pagurus sp.,2012,0,1
Palaemonetes pugio,2012,0.6,7
Palaemonetes vulgaris,2012,1.1,11
Panopeidae,2012,0.2,3
Paranthus rapiformes,2012,3,3
Parvanachis obesa,2012,0.1,12
Pelagia noctiluca,2012,0,855
Peprilus burti,2012,2949.9,272
Peprilus paru,2012,206.6,27
Persephona crinita,2012,3.2,2
Pinnixa chaetopterana,2012,0,2
Pleurobranchaea inconspicua,2012,5,1
Pogonias cromis,2012,49.2,1
Porichthys plectrodon,2012,0.7,1
Portunus gibbesii,2012,81.7,112
Portunus spinicarpus,2012,1.1,5
Portunus spinimanus,2012,0.9,1
Prionotus longispinosus,2012,112.8,11
Prionotus tribulus,2012,51.4,18
Rangia cuneata,2012,54.8,13
Rhacostoma atlanticum,2012,0,2
Rhinoptera bonasus,2012,611.8,1
Rhithropanopeus harrisii,2012,0.1,1
Rhizoprionodon terraenovae,2012,1165.7,2
Rhopilema verrilli,2012,0,7
Rimapenaeus similis,2012,19.2,31
Selene setapinnis,2012,683.7,100
Selene vomer,2012,47.7,12
Sphoeroides parvus,2012,53.8,15
Sphyraena guachancho,2012,10.8,3
Squilla empusa,2012,130,58
Stellifer lanceolatus,2012,1018.7,262
Stomolophus meleagris,2012,0,5
Symphurus civitatium,2012,48.3,5
Symphurus plagiusa,2012,37.5,6
Syngnathus louisianae,2012,11.9,10
Synodus foetens,2012,208.3,15
Trichiurus lepturus,2012,19659.4,608
Trinectes maculatus,2012,38.1,4
Urophycis floridana,2012,154.6,11
Acetes americanus carolinae,2013,815.1,21903
Allothyone mexicana,2013,1.2,1
Alosa chrysochloris,2013,6.8,1
Alpheus angulatus,2013,0.2,1
Alpheus estuariensis,2013,0.5,1
Amanthia verticillatum,2013,143.1,NA
Amathia sp.,2013,5.3,NA
Anadara ovalis,2013,0,1
Anchoa hepsetus,2013,6636.22,2090
Anchoa lyolepis,2013,3519,5782
Anchoa mitchilli,2013,113592.3,146513
Ariopsis felis,2013,19681.6,233
Ariopsis felis YOY,2013,75.8,54
Aurelia aurita,2013,0,433
Bagre marinus,2013,3488.6,245
Bairdiella chrysoura,2013,1482.1,63
Beroe ovata,2013,0,NA
Brevoortia patronus,2013,1373.5,155
Brevoortia patronus YOY,2013,408.6,33
Busycon sinistrum,2013,52.7,1
Calliactis tricolor,2013,0,2
Callinectes sapidus,2013,2147,55
Callinectes similis,2013,296,282
Cantharus cancellarius,2013,11.9,22
Caranx hippos,2013,127.8,4
Centropristis philadelphica,2013,156.2,29
Chaetodipterus faber,2013,18.8,2
Chilomycterus schoepfi,2013,1357.1,3
Chloroscombrus chrysurus,2013,13211.1,3624
Chloroscombrus chrysurus YOY,2013,582.7,105
Chrysaora quinquecirrha,2013,0,145
Citharichthys spilopterus,2013,89.1,39
Clibanarius vittatus,2013,2,17
Ctenogobius boleosoma,2013,3.2,5
Cynoscion arenarius,2013,4984.8,713
Cynoscion nebulosus,2013,230.1,6
Cynoscion nothus,2013,85.1,2
Dasyatis sabina,2013,15103.2,20
Dasyatis say,2013,4755,5
Diopatra cuprea,2013,3.1,12
Dorosoma petenense,2013,1728.5,114
Elops saurus,2013,271.6,27
Etropus crossotus,2013,320.9,71
Eucinostomus argenteus,2013,161.5,23
Farfantepenaeus aztecus,2013,3771.1,535
Farfantepenaeus duorarum,2013,98.6,15
Gobionellus oceanicus,2013,106.5,5
Harengula jaguana,2013,453.2,25
Hemicaranx amblyrhynchus,2013,28.6,6
Hexapanopeus angustifrons,2013,16.9,20
Ictalurus furcatus,2013,2288,3
Lagodon rhomboides,2013,8.6,1
Larimus fasciatus,2013,186.3,14
Leander tenuicornis,2013,0,1
Leiostomus xanthurus,2013,17208.2,1389
Leiostomus xanthurus YOY,2013,5179.7,1857
Lepisosteus oculatus,2013,1527.2,1
Lepomis macrochirus,2013,41.2,1
Libinia emarginata,2013,27.5,7
Litopenaeus setiferus,2013,2808.7,434
Livoneca redmanii,2013,4.2,42
Lolliguncula brevis,2013,15967.5,2367
Lucifer faxoni,2013,0,2
Luidia clathrata,2013,275,46
Macrobrachium ohione,2013,6.1,22
Menidia beryllina,2013,105.3,86
Menticirrhus americanus,2013,314.8,17
Metoporhaphis calcarata,2013,3,2
Micropogonias undulatus,2013,58874.4,7286
Micropogonias undulatus YOY,2013,190.2,216
Mnemiopsis mccradyi,2013,0,NA
Molgula manhattensis,2013,8.2,12
Mulinia lateralis,2013,0.3,2
Myzobdella lugubris,2013,0.4,5
Neanthes succinea,2013,1.4,2
Nerocila acuminata,2013,2.3,7
Neverita duplicata,2013,10.1,1
Ophidion welshi,2013,17.5,2
Opisthonema oglinum,2013,94.6,20
Ovalipes floridanus,2013,0.4,2
Pagurus pollicaris,2013,13.3,8
Palaemonetes pugio,2013,0.1,1
Palaemonetes vulgaris,2013,2.3,17
Panopeidae,2013,0.1,1
Paralichthys lethostigma,2013,0,1
Paranthus rapiformes,2013,5.9,5
Peprilus burti,2013,2645.2,418
Peprilus paru,2013,830.2,71
Pinnixa chaetopterana,2013,0.4,5
Portunus gibbesii,2013,21.7,32
Prionotus longispinosus,2013,74.8,21
Prionotus tribulus,2013,49.5,17
Processidae,2013,0.1,2
Rangia cuneata,2013,14,8
Rhacostoma atlanticum,2013,0,2
Rhithropanopeus harrisii,2013,0.3,2
Rhizoprionodon terraenovae,2013,1750.7,4
Rhopilema verrilli,2013,0,3
Rimapenaeus similis,2013,150.9,142
Selene setapinnis,2013,1725.3,277
Selene vomer,2013,67.2,12
Sicyonia dorsalis,2013,7.1,8
Sphoeroides parvus,2013,106.6,33
Sphyraena guachancho,2013,4.3,3
Squilla empusa,2013,242.6,45
Stellifer lanceolatus,2013,88,28
Stomolophus meleagris,2013,0,2
Symphurus civitatium,2013,3.8,1
Symphurus plagiusa,2013,91.8,18
Syngnathus louisianae,2013,5.7,3
Syngnathus scovelli,2013,0.6,1
Synodus foetens,2013,17.1,4
Tagelus plebius,2013,0.5,1
Trichiurus lepturus,2013,1600.5,103
Trinectes maculatus,2013,71.6,7
Urophycis floridana,2013,631.5,33
Acetes americanus carolinae,2014,250.4,6192
Amanthia verticillatum,2014,65.9,NA
Anchoa hepsetus,2014,1313.4,402
Anchoa hepsetus YOY,2014,220.8,212
Anchoa lyolepis,2014,115.6,167
Anchoa mitchilli,2014,94780.2,188904
Ariopsis felis,2014,4684,152
Ariopsis felis YOY,2014,40.7,24
Aurelia aurita,2014,0,88
Bagre marinus,2014,4351,548
Bairdiella chrysoura,2014,590.5,34
Beroe ovata,2014,0,NA
Brevoortia patronus,2014,2283.3,416
Brevoortia patronus YOY,2014,144.6,21
Bulla striata,2014,0.3,2
Calliactis tricolor,2014,3.9,2
Callinectes sapidus,2014,797.3,73
Callinectes similis,2014,166.6,117
Cantharus cancellarius,2014,4.4,5
Caranx hippos,2014,29.3,7
Caretta caretta,2014,38555.4,1
Chaetodipterus faber,2014,0.5,1
Chilomycterus schoepfi,2014,162.5,1
Chloroscombrus chrysurus,2014,1506.3,611
Chrysaora quinquecirrha,2014,0,NA
Citharichthys spilopterus,2014,10.5,2
Ctenogobius shufeldti,2014,7.8,5
Cynoscion arenarius,2014,1598.4,222
Cynoscion nebulosus,2014,18.7,2
Dasyatis sabina,2014,926,1
Dormitator maculatus,2014,0.1,1
Dorosoma petenense,2014,617.5,39
Dyspanopeus texanus,2014,0,1
Elops saurus,2014,0.2,2
Erotelis smaragdus,2014,0.6,1
Etropus crossotus,2014,124.2,13
Farfantepenaeus aztecus,2014,3428.4,414
Farfantepenaeus duorarum,2014,35.5,2
Gobionellus oceanicus,2014,3.1,1
Harengula jaguana,2014,737.9,68
Hemicaranx amblyrhynchus,2014,151.5,17
Hexapanopeus angustifrons,2014,3.7,3
Ictalurus furcatus,2014,654,1
Lagodon rhomboides,2014,61.9,5
Larimus fasciatus,2014,20.5,3
Leiostomus xanthurus,2014,32988.2,6316
Leiostomus xanthurus YOY,2014,6143.9,612
Lepisosteus osseus,2014,7380,2
Lepomis macrochirus,2014,31.7,1
Libinia emarginata,2014,1.9,1
Litopenaeus setiferus,2014,5500.7,1203
Livoneca redmanii,2014,28.4,164
Lolliguncula brevis,2014,11381.3,2883
Lucania parva,2014,0.2,1
Luidia clathrata,2014,323.6,40
Lutjanus campechanus,2014,16.2,2
Lutjanus griseus,2014,0.9,1
Lutjanus synagris,2014,33.5,3
Lysmata wurdemanni,2014,0.2,1
Macrobrachium ohione,2014,3.1,7
Mellita quinquiesperforata,2014,7.3,11
Menidia beryllina,2014,413.5,179
Menippe adina,2014,1.7,1
Menticirrhus americanus,2014,197,4
Metoporhaphis calcarata,2014,6.3,8
Micropholis atra,2014,0.4,1
Micropogonias undulatus,2014,16647.1,1713
Micropogonias undulatus YOY,2014,42.4,35
Mnemiopsis mccradyi,2014,0,NA
Molgula manhattensis,2014,0.2,2
Mulinia lateralis,2014,1.3,8
Myrophis punctatus,2014,0.9,3
Nemopsis bachei,2014,0,NA
Nerocila acuminata,2014,0.1,1
No Catch,2014,0,NA
No catch,2014,0,NA
Ogyrides alphaerostris,2014,0,1
Ophidion welshi,2014,8.1,4
Ophiolepis elegans,2014,1.7,4
Opisthonema oglinum,2014,90.7,37
Ovalipes floridanus,2014,1.2,2
Pagurus longicarpus,2014,4.2,4
Palaemonetes vulgaris,2014,0.6,5
Paralichthys lethostigma,2014,165.4,1
Paranthus rapiformes,2014,34.6,4
Peprilus burti,2014,4800.4,590
Peprilus paru,2014,347.6,33
Petrolisthes armatus,2014,0.1,1
Pinnixa chaetopterana,2014,1,2
Porichthys plectrodon,2014,2.2,1
Portunus gibbesii,2014,35.6,69
Prionotus longispinosus,2014,17.1,1
Prionotus tribulus,2014,38.2,8
Rhithropanopeus harrisii,2014,1,1
Rhopilema verrilli,2014,0,11
Rimapenaeus similis,2014,5.6,5
Selene setapinnis,2014,924.1,39
Selene vomer,2014,6,1
Sphoeroides parvus,2014,14.4,15
Sphyraena guachancho,2014,1.3,1
Squilla empusa,2014,39.6,3
Stellifer lanceolatus,2014,43.1,8
Symphurus civitatium,2014,49.8,5
Symphurus plagiusa,2014,17.9,2
Syngnathus louisianae,2014,10.2,8
Synodus foetens,2014,29.4,1
Trichiurus lepturus,2014,1079.9,51
Trinectes maculatus,2014,76.9,25
Urophycis floridana,2014,186.8,14
Acetes americanus carolinae,2015,606.1,15270
Amanthia verticillatum,2015,22.2,NA
Amathia sp.,2015,0.4,NA
Anchoa hepsetus,2015,644.6,115
Anchoa lyolepis,2015,1537,3110
Anchoa mitchilli,2015,89942.8,151948
Ariopsis felis,2015,2572.4,58
Ariopsis felis YOY,2015,790.9,121
Atractosteus spatula,2015,20411.7,1
Aurelia aurita,2015,0,72
Bagre marinus,2015,5479.1,451
Bairdiella chrysoura,2015,412.4,20
Beroe ovata,2015,0,NA
Brevoortia patronus,2015,6175,532
Brevoortia patronus YOY,2015,161.3,142
Calliactis tricolor,2015,4.8,1
Callinectes sapidus,2015,396.6,14
Callinectes similis,2015,137.7,69
Cantharus cancellarius,2015,8,13
Caranx hippos,2015,0.5,1
Chilomycterus schoepfi,2015,94.4,1
Chloroscombrus chrysurus,2015,472.5,289
Chrysaora quinquecirrha,2015,0,167
Citharichthys spilopterus,2015,30,4
Ctenogobius shufeldti,2015,0.2,1
Cynoscion arenarius,2015,2370.3,199
Cynoscion nebulosus,2015,83.8,5
Cynoscion nothus,2015,143.2,10
Dasyatis sabina,2015,1923.4,3
Dasyatis say,2015,2313.9,1
Diopatra cuprea,2015,0.1,2
Diplectrum bivittatum,2015,37,2
Dorosoma cepedianum,2015,191.6,1
Dorosoma petenense,2015,995.3,63
Dyspanopeus texanus,2015,0.8,3
Elops saurus,2015,162.9,14
Etropus crossotus,2015,472,39
Eucinostomus argenteus,2015,7.2,1
Farfantepenaeus aztecus,2015,1530.3,227
Farfantepenaeus duorarum,2015,1.1,1
Harengula jaguana,2015,511.5,68
Hemicaranx amblyrhynchus,2015,112.1,31
Hexapanopeus angustifrons,2015,1.4,2
Ictalurus furcatus,2015,2389.7,1
Lagodon rhomboides,2015,62.9,3
Larimus fasciatus,2015,23.1,5
Leiostomus xanthurus,2015,15882.9,743
Lepidonotus sublevis,2015,0.2,2
Lepisosteus osseus,2015,7484.9,2
Lepomis macrochirus,2015,26.6,2
Lepomis microlophus,2015,89.2,16
Libinia emarginata,2015,19,7
Litopenaeus setiferus,2015,2664.2,544
Livoneca redmanii,2015,3.7,22
Lolliguncula brevis,2015,12542.1,3230
Luidia clathrata,2015,287.9,33
Lutjanus campechanus,2015,75.3,2
Lutjanus synagris,2015,1.7,1
Macrobrachium acanthurus,2015,2.2,1
Macrobrachium ohione,2015,7.4,18
Menidia beryllina,2015,2.8,2
Menticirrhus americanus,2015,172,6
Metoporhaphis calcarata,2015,8.1,9
Micropholis atra,2015,1.1,1
Micropogonias undulatus,2015,15763.7,893
Micropogonias undulatus YOY,2015,237.1,153
Mnemiopsis mccradyi,2015,0,NA
Molgula manhattensis,2015,212,508
Neanthes succinea,2015,0.1,1
Nemopsis bachei,2015,0,NA
No Catch,2015,0,NA
No catch,2015,0,NA
Ogyrides alphaerostris,2015,0,1
Opisthonema oglinum,2015,60.8,13
Pagurus longicarpus,2015,0.1,1
Pagurus pollicaris,2015,19.7,9
Paralichthys lethostigma,2015,74.2,1
Peprilus burti,2015,2937.3,321
Peprilus burti YOY,2015,23.4,56
Peprilus paru,2015,882.7,61
Porichthys plectrodon,2015,15.2,1
Portunus gibbesii,2015,27.7,20
Prionotus longispinosus,2015,35.4,2
Prionotus tribulus,2015,11.3,4
Renilla muelleri,2015,1.3,1
Rhacostoma atlanticum,2015,0,1
Rhopilema verrilli,2015,0,3
Rimapenaeus similis,2015,12.8,21
Scomberomorus maculatus,2015,3.7,10
Selene setapinnis,2015,326.7,37
Selene vomer,2015,8.8,2
Sphoeroides parvus,2015,147.9,38
Sphyraena guachancho,2015,1.5,2
Sphyrna tiburo,2015,370.8,2
Squilla empusa,2015,61.7,9
Stellifer lanceolatus,2015,167.4,84
Symphurus civitatium,2015,26.5,4
Symphurus plagiusa,2015,34.9,3
Syngnathus louisianae,2015,3.4,4
Synodus foetens,2015,134.6,12
Trichiurus lepturus,2015,1437,63
Trinectes maculatus,2015,16.6,4
Urophycis floridana,2015,130.5,7
Xiphopenaeus kroyeri,2015,1.1,1
Acetes americanus carolinae,2016,390.6,13922
Amanthia verticillatum,2016,7.3,NA
Amathia sp.,2016,0.1,NA
Anadara ovalis,2016,6,73
Anadara transversa,2016,0.1,1
Anchoa hepsetus,2016,3769.6,2929
Anchoa lyolepis,2016,236.1,484
Anchoa mitchilli,2016,78309.8,95093
Ariopsis felis,2016,7407.6,109
Aurelia aurita,2016,0,90
Bagre marinus,2016,8744.7,407
Bairdiella chrysoura,2016,389.8,14
Balanus eburneus,2016,0,4
Beroe ovata,2016,0,NA
Bougainvillia carolinensis,2016,0,NA
Brevoortia patronus,2016,1906.9,138
Brevoortia patronus YOY,2016,833.4,103
Calliactis tricolor,2016,1.7,1
Callinectes sapidus,2016,6283.3,49
Callinectes similis,2016,553.3,145
Cantharus cancellarius,2016,26.4,144
Caranx crysos,2016,14.8,1
Caranx hippos,2016,49.6,1
Centropristis philadelphica,2016,3.3,1
Chaetodipterus faber,2016,56.4,3
Chilomycterus schoepfi,2016,143.8,1
Chloroscombrus chrysurus,2016,2923,933
Chrysaora quinquecirrha,2016,0.1,370
Citharichthys spilopterus,2016,22.1,11
Ctenogobius shufeldti,2016,5.5,6
Cyanea capillata,2016,0,83
Cynoscion arenarius,2016,1340.5,281
Cynoscion nebulosus,2016,349.5,8
Cynoscion nothus,2016,603.7,10
Dasyatis americana,2016,6282.3,1
Diplectrum bivittatum,2016,14,1
Dorosoma petenense,2016,168.7,9
Elops saurus,2016,1.1,9
Etropus crossotus,2016,26.8,11
Eucinostomus argenteus,2016,148.7,14
Eurypanopeus depressus,2016,0.6,1
Farfantepenaeus aztecus,2016,800.1,155
Farfantepenaeus duorarum,2016,70.1,4
Gobiosoma bosc,2016,3.7,3
Harengula jaguana,2016,905.6,87
Hemicaranx amblyrhynchus,2016,230.2,22
Hemipholis elongata,2016,0.8,1
Hexapanopeus angustifrons,2016,0.7,8
Hippolyte coerulescens,2016,0,1
Ictalurus furcatus,2016,212,8
Lagodon rhomboides,2016,468.2,45
Larimus fasciatus,2016,30,2
Latreutes parvulus,2016,14.7,853
Leander tenuicornis,2016,0.1,3
Leiostomus xanthurus,2016,12519.5,2015
Leiostomus xanthurus YOY,2016,3029.8,1450
Lepisosteus oculatus,2016,850,1
Lepisosteus osseus,2016,677.7,1
Lepomis microlophus,2016,499.7,5
Libinia emarginata,2016,14.4,3
Litopenaeus setiferus,2016,1356.8,185
Livoneca redmanii,2016,4.3,34
Lolliguncula brevis,2016,7280.3,1234
Luidia clathrata,2016,59.4,8
Lutjanus griseus,2016,20.1,1
Macrobrachium ohione,2016,5.1,18
Mellita quinquiesperforata,2016,7.5,2
Menticirrhus americanus,2016,498.1,15
Metoporhaphis calcarata,2016,3.9,4
Micropogonias undulatus,2016,32155,6140
Micropogonias undulatus YOY,2016,1454.1,808
Mnemiopsis mccradyi,2016,0,NA
Mulinia lateralis,2016,12.1,117
Myrophis punctatus,2016,3.1,1
Nassarius acutus,2016,129.9,3348
Nassarius vibex,2016,1.5,22
Nemopsis bachei,2016,0,NA
Nerocila acuminata,2016,1.8,2
Neverita duplicata,2016,60.6,7
No catch,2016,0,NA
Nuculana concentrica,2016,0.1,1
Olencira praegustator,2016,2,16
Oligoplites saurus,2016,2.8,1
Ophidion welshi,2016,1,1
Ophiolepis elegans,2016,1.8,3
Opisthonema oglinum,2016,77.8,10
Pagurus gymnodactylus,2016,0.5,144
Pagurus longicarpus,2016,0,4
Pagurus pollicaris,2016,3.8,2
Palaemonetes pugio,2016,0.3,1
Palaemonetes vulgaris,2016,0.2,1
Panopeidae,2016,0,2
Paralichthys lethostigma,2016,500.7,1
Paranthus rapiformes,2016,3,4
Peprilus burti,2016,9059.6,1392
Peprilus paru,2016,1805.8,138
Pinnixa pearsei,2016,0.3,1
Portunus gibbesii,2016,45.5,47
Prionotus scitulus,2016,2.4,1
Prionotus tribulus,2016,11.6,8
Processa hemphilli,2016,0.1,2
Rangia cuneata,2016,31.1,5
Rhizoprionodon terraenovae,2016,313.8,2
Rhopilema verrilli,2016,0,5
Rimapenaeus constrictus,2016,36.9,48
Rimapenaeus similis,2016,55.2,85
Scomberomorus maculatus,2016,0.2,1
Selene setapinnis,2016,403.1,48
Selene vomer,2016,7,1
Sicyonia dorsalis,2016,0.3,1
Sphoeroides parvus,2016,8,6
Sphyraena guachancho,2016,0.7,1
Sphyrna tiburo,2016,160.7,1
Squilla empusa,2016,185,24
Stellifer lanceolatus,2016,12,4
Symphurus civitatium,2016,23,2
Syngnathus louisianae,2016,1.1,1
Synodus foetens,2016,364.8,4
Trichiurus lepturus,2016,579.4,37
Trinectes maculatus,2016,178.6,30
Urophycis floridana,2016,45.1,6
Acetes americanus carolinae,2017,802.6,25996
Alosa chrysochloris,2017,56.9,1
Alpheus estuariensis,2017,4.4,2
Amanthia verticillatum,2017,15.3,NA
Amathia convoluta,2017,0.1,NA
Amathia sp.,2017,17.5,NA
Anadara ovalis,2017,1.4,24
Anadara transversa,2017,0.3,1
Anchoa hepsetus,2017,3818.4,1891
Anchoa lyolepis,2017,362.4,956
Anchoa mitchilli,2017,85451,139766
Archosargus probatocephalus,2017,160.3,1
Ariopsis felis,2017,6478.5,65
Astroscopus y-graecum,2017,0.7,2
Aurelia aurita,2017,0,219
Bagre marinus,2017,2570,63
Bairdiella chrysoura,2017,602.1,19
Batea catharnensis,2017,0,16
Beroe ovata,2017,0,NA
Brevoortia patronus,2017,2537.6,1042
Brevoortia patronus YOY,2017,410.3,158
Bugula neritina,2017,0.7,NA
Callinectes sapidus,2017,993.2,48
Callinectes similis,2017,149.1,361
Cantharus cancellarius,2017,5.7,12
Caranx crysos,2017,53.3,1
Caranx hippos,2017,78.2,2
Centropristis philadelphica,2017,17.5,1
Chaetodipterus faber,2017,5.8,1
Chilomycterus schoepfi,2017,143.4,1
Chloroscombrus chrysurus,2017,500,118
Chloroscombrus chrysurus YOY,2017,282.8,49
Chrysaora quinquecirrha,2017,0,205
Citharichthys spilopterus,2017,86.2,15
Ctenogobius boleosoma,2017,0,1
Cyanea capillata,2017,0,1
Cynoscion arenarius,2017,2332.9,1899
Cynoscion arenarius YOY,2017,11,226
Cynoscion nebulosus,2017,143.8,3
Cynoscion nothus,2017,63.4,12
Dawsonias latispina,2017,2,2
Diopatra cuprea,2017,0.1,1
Dorosoma petenense,2017,1466.3,102
Dyspanopeus texanus,2017,0.1,2
Elops saurus,2017,8.7,71
Etropus crossotus,2017,66.5,8
Eucinostomus argenteus,2017,9.3,4
Eurypanopeus depressus,2017,2.3,5
Farfantepenaeus aztecus,2017,635.5,246
Farfantepenaeus duorarum,2017,27.5,2
Gobiesox strumosus,2017,0,1
Gobioides broussonnetii,2017,94.4,1
Gobionellus oceanicus,2017,10.6,1
Harengula jaguana,2017,439,40
Hemicaranx amblyrhynchus,2017,38.4,13
Hexapanopeus angustifrons,2017,3,9
Ictalurus furcatus,2017,3010.1,8
Lagodon rhomboides,2017,33.6,2
Larimus fasciatus,2017,26,7
Latreutes parvulus,2017,0.7,38
Leiostomus xanthurus,2017,14551.1,725
Leiostomus xanthurus YOY,2017,1589.5,71
Lepomis macrochirus,2017,54.6,7
Lepomis microlophus,2017,127.9,12
Libinia dubia,2017,96.2,1
Libinia emarginata,2017,30,7
Libinia sp.,2017,0.1,3
Litopenaeus setiferus,2017,2117,405
Livoneca redmanii,2017,3.8,37
Lolliguncula brevis,2017,9354.1,1965
Luidia clathrata,2017,35.7,3
Lutjanus griseus,2017,18.5,1
Macrobrachium ohione,2017,3.5,18
Mellita quinquiesperforata,2017,17.1,23
Menidia beryllina,2017,7,4
Menticirrhus americanus,2017,198.1,6
Mercenaria campechiensis,2017,1162.5,1
Micropogonias undulatus,2017,46884.9,1756
Micropogonias undulatus YOY,2017,100.7,145
Mnemiopsis mccradyi,2017,0,NA
Mugil cephalus,2017,0.2,1
Mulinia lateralis,2017,0.4,4
Nassarius acutus,2017,4.1,124
Nassarius vibex,2017,0.1,8
Nemopsis bachei,2017,0,NA
Nerocila acuminata,2017,0.4,1
Neverita duplicata,2017,7,1
No catch,2017,0,NA
No sample - Dredging at site,2017,0,NA
Ogyrides alphaerostris,2017,0.1,1
Olencira praegustator,2017,1.1,1
Oligoplites saurus,2017,10.5,1
Ophidion welshi,2017,2.3,1
Ophiolepis elegans,2017,0.7,2
Opisthonema oglinum,2017,106.4,62
Pagurus gymnodactylus,2017,0.1,25
Palaemonetes pugio,2017,3.9,15
Palaemonetes vulgaris,2017,1.9,11
Palaemonidae,2017,0,1
Paralichthys lethostigma,2017,0,1
Peprilus burti,2017,676.8,132
Peprilus paru,2017,634.3,60
Periclimenes longicaudatus,2017,0,3
Persephona crinita,2017,5.7,2
Portunus gibbesii,2017,27,17
Portunus spinimanus,2017,0.8,1
Prionotus longispinosus,2017,7,2
Prionotus tribulus,2017,26.7,20
Rangia cuneata,2017,68,1
Rhithropanopeus harrisii,2017,7,26
Rhizoprionodon terraenovae,2017,678.2,1
Rhopilema verrilli,2017,2076.2,8
Rimapenaeus similis,2017,39.7,55
Scomberomorus maculatus,2017,79.8,4
Selene setapinnis,2017,578.8,123
Selene vomer,2017,21.5,2
Sphoeroides parvus,2017,54.2,26
Sphyrna tiburo,2017,138.7,1
Squilla empusa,2017,52.9,122
Stellifer lanceolatus,2017,31.4,81
Stramonita haemastoma canaliculata,2017,42.9,16
Symphurus civitatium,2017,6.2,2
Symphurus plagiusa,2017,8.4,2
Syngnathus louisianae,2017,1.2,4
Synodus foetens,2017,0.5,2
Trichiurus lepturus,2017,1357.5,124
Trinectes maculatus,2017,68.7,4
Upogebia affinis,2017,0.1,1
Urophycis floridana,2017,1.2,2
Xiphopenaeus kroyeri,2017,4.6,3
Anchoa hepsetus,2018,6116,1710
Anchoa lyolepis,2018,23.1,41
Anchoa mitchilli,2018,36261.3,57266
Ariopsis felis,2018,6716.2,28
Bagre marinus,2018,669.1,48
Bairdiella chrysoura,2018,96,8
Brevoortia patronus,2018,2803.7,181
Brevoortia patronus YOY,2018,10.8,22
Callinectes sapidus,2018,247.5,17
Caranx crysos,2018,365,9
Centropristis philadelphica,2018,11.2,2
Chloroscombrus chrysurus,2018,1430,211
Chrysaora quinquecirrha,2018,1.5,1
Citharichthys spilopterus,2018,9.2,4
Cynoscion arenarius,2018,3039.3,656
Cynoscion arenarius YOY,2018,9,2
Cynoscion nebulosus,2018,211.8,7
Dasyatis sabina,2018,543,1
Dorosoma petenense,2018,593.9,37
Etropus crossotus,2018,3.9,1
Eucinostomus gula,2018,6.2,3
Farfantepenaeus aztecus,2018,6079.8,1176
Farfantepenaeus duorarum,2018,10.4,1
Gobionellus oceanicus,2018,33.4,6
Harengula jaguana,2018,720,76
Hemicaranx amblyrhynchus,2018,24.9,6
Ictalurus furcatus,2018,185,7
Lagodon rhomboides,2018,826.8,48
Leiostomus xanthurus,2018,34256.3,7676
Leiostomus xanthurus YOY,2018,5164.7,2942
Lepomis macrochirus,2018,278.7,10
Lepomis microlophus,2018,1522.7,31
Libinia dubia,2018,2.1,1
Libinia emarginata,2018,6.6,5
Litopenaeus setiferus,2018,994.6,159
Lolliguncula brevis,2018,2598,694
Lutjanus campechanus,2018,13.1,1
Lutjanus griseus,2018,108,4
Lutjanus synagris,2018,26.6,1
Macrobrachium acanthurus,2018,5.7,4
Menidia beryllina,2018,11.9,7
Micropogonias undulatus,2018,25360.6,2916
Micropogonias undulatus YOY,2018,2286.1,1956
Mugil cephalus,2018,4.1,1
No Catch,2018,0,NA
Oligoplites saurus,2018,5.4,1
Ophichthus gomesii,2018,32,1
Opisthonema oglinum,2018,747.3,58
Palaemonetes pugio,2018,8.7,25
Paralichthys lethostigma,2018,171.3,1
Peprilus burti,2018,136.8,19
Peprilus paru,2018,42.3,3
Portunus gibbesii,2018,18.2,3
Prionotus tribulus,2018,5,2
Scomberomorus maculatus,2018,2.6,6
Selene setapinnis,2018,39,2
Sphoeroides parvus,2018,38.2,20
Squilla empusa,2018,8.3,1
Symphurus plagiusa,2018,9.4,1
Syngnathus louisianae,2018,0.6,1
Synodus foetens,2018,112.3,11
Trichiurus lepturus,2018,101.8,4
Trinectes maculatus,2018,15.5,6
Acetes americanus carolinae,2019,89.6,3217
Amanthia verticillatum,2019,10.1,NA
Amathia sp.,2019,0.1,NA
Anchoa hepsetus,2019,1453.9,595
Anchoa lyolepis,2019,873.5,2286
Anchoa mitchilli,2019,74443.4,109958
Ariopsis felis,2019,10670,195
Ariopsis felis YOY,2019,1226.3,130
Aurelia aurita,2019,0,96
Bagre marinus,2019,2914,191
Bairdiella chrysoura,2019,648.6,26
Beroe ovata,2019,0,NA
Brevoortia patronus,2019,254.9,63
Callinectes sapidus,2019,5228.7,192
Callinectes similis,2019,20.2,8
Cantharus cancellarius,2019,2,3
Caranx crysos,2019,62,1
Caranx hippos,2019,6.1,4
Chaetodipterus faber,2019,0.8,1
Chilomycterus schoepfi,2019,477.6,1
Chloroscombrus chrysurus,2019,338.7,84
Chrysaora quinquecirrha,2019,0,NA
Citharichthys spilopterus,2019,40,4
Clibanarius vittatus,2019,2.2,2
Ctenogobius shufeldti,2019,6.7,4
Cynoscion arenarius,2019,6617.8,1064
Cynoscion arenarius YOY,2019,1554.6,245
Cynoscion nebulosus,2019,137.1,5
Cynoscion nothus,2019,211.9,6
Dasyatis sabina,2019,627.5,2
Dasyatis say,2019,119.4,1
Dorosoma cepedianum,2019,446.6,1
Dorosoma petenense,2019,717.8,36
Elops saurus,2019,0.4,3
Etropus crossotus,2019,116,12
Farfantepenaeus aztecus,2019,3804.3,760
Gobiesox strumosus,2019,0.1,1
Gobioides broussonnetii,2019,95.6,1
Gobionellus oceanicus,2019,59.9,3
Harengula jaguana,2019,991.9,117
Hemicaranx amblyrhynchus,2019,2.4,3
Ictalurus furcatus,2019,41445,323
Ictalurus furcatus YOY,2019,813.3,532
Ictalurus punctatus,2019,677.7,62
Lagodon rhomboides,2019,46.2,1
Larimus fasciatus,2019,27.2,3
Latreutes parvulus,2019,0,5
Leiostomus xanthurus,2019,7367.2,284
Lepisosteus osseus,2019,7645.2,2
Litopenaeus setiferus,2019,10582,2690
Livoneca redmanii,2019,0.2,6
Lolliguncula brevis,2019,2552.5,436
Macoma brevifrons,2019,0.1,1
Macrobrachium ohione,2019,118.2,97
Macrobrachium olfersii,2019,3.8,1
Menticirrhus americanus,2019,248.7,15
Microgobius gulosus,2019,0.2,1
Micropogonias undulatus,2019,57385.3,5298
Micropogonias undulatus YOY,2019,2026.6,1365
Mnemiopsis mccradyi,2019,0,NA
Myrophis punctatus,2019,0.5,1
Myzobdella lugubris,2019,0.1,1
Neanthes succinea,2019,0.1,1
Nerocila acuminata,2019,0.2,1
Neverita duplicata,2019,1.6,1
No Catch,2019,0,NA
Opisthonema oglinum,2019,95.9,25
Pagurus pollicaris,2019,2.7,1
Palaemonetes pugio,2019,25.2,68
Palaemonetes vulgaris,2019,3.6,14
Peprilus burti,2019,309.3,58
Peprilus paru,2019,78.4,18
Persephona crinita,2019,1,1
Pogonias cromis,2019,901.6,4
Portunus gibbesii,2019,8.3,17
Portunus spinimanus,2019,0.1,1
Prionotus tribulus,2019,30.3,6
Rangia cuneata,2019,0.7,5
Rangia flexuosa,2019,5.2,4
Rhithropanopeus harrisii,2019,5.2,11
Rhizoprionodon terraenovae,2019,236.8,1
Rimapenaeus similis,2019,15.2,11
Sciaenops ocellatus,2019,0,1
Selene setapinnis,2019,1029,106
Sphoeroides parvus,2019,9.6,5
Sphyraena guachancho,2019,0.3,1
Squilla empusa,2019,114.2,10
Stellifer lanceolatus,2019,173.9,17
Symphurus plagiusa,2019,8.6,2
Syngnathus louisianae,2019,3.4,3
Synodus foetens,2019,48.9,3
Trichiurus lepturus,2019,570.7,24
Trinectes maculatus,2019,432.4,218
Urophycis floridana,2019,35.9,2
Xiphopenaeus kroyeri,2019,0.4,1
Acetes americanus carolinae,2020,0.4,17
Amanthia verticillatum,2020,0.1,NA
Amathia sp.,2020,0.1,NA
Anchoa mitchilli,2020,4360.3,11792
Archosargus probatocephalus,2020,845.9,1
Ariopsis felis,2020,939.8,11
Bagre marinus,2020,17.9,1
Beroe ovata,2020,0,NA
Brevoortia patronus,2020,190.6,22
Callinectes sapidus,2020,3002.3,44
Callinectes similis,2020,2,2
Chrysaora quinquecirrha,2020,0,2
Cynoscion arenarius,2020,664.4,24
Cynoscion nebulosus,2020,8.1,1
Dasyatis sabina,2020,1370.8,3
Dorosoma petenense,2020,1113.9,50
Etropus crossotus,2020,42,6
Farfantepenaeus aztecus,2020,90.3,37
Farfantepenaeus duorarum,2020,20.9,5
Gobionellus oceanicus,2020,15.7,2
Hexapanopeus angustifrons,2020,0.2,1
Ictalurus furcatus,2020,16874.1,107
Ictalurus punctatus,2020,51.6,4
Lagodon rhomboides,2020,0,2
Larimus fasciatus,2020,5.2,1
Leander tenuicornis,2020,0.1,1
Leiostomus xanthurus,2020,2926.6,106
Leiostomus xanthurus YOY,2020,1.4,39
Litopenaeus setiferus,2020,726.3,151
Livoneca redmanii,2020,1.1,10
Lolliguncula brevis,2020,141.8,11
Macrobrachium ohione,2020,3.9,15
Menticirrhus americanus,2020,45.7,7
Micropogonias undulatus,2020,5395.2,528
Micropogonias undulatus YOY,2020,30.3,98
Myrophis punctatus,2020,0.2,1
Nemopsis bachei,2020,0,NA
Neverita duplicata,2020,11.3,3
Peprilus burti,2020,23.5,3
Persephona crinita,2020,4.1,1
Prionotus tribulus,2020,29.6,21
Rhopilema verrilli,2020,0,1
Rimapenaeus similis,2020,13.6,59
Squilla empusa,2020,12.9,1
Stellifer lanceolatus,2020,4,1
Symphurus plagiusa,2020,31.3,6
Syngnathus louisianae,2020,5.9,3
Trichiurus lepturus,2020,21,2
Trinectes maculatus,2020,56.7,9
Urophycis floridana,2020,79.8,16
Acetes americanus carolinae,2021,398.7,9205
Amanthia verticillatum,2021,5.7,NA
Amathia alternata,2021,0,NA
Anchoa hepsetus,2021,864.2,331
Anchoa lyolepis,2021,580.9,1163
Anchoa mitchilli,2021,70034.1,145021
Arca imbricata,2021,0,1
Ariopsis felis,2021,15898.9,218
Ariopsis felis YOY,2021,991.4,188
Atractosteus spatula,2021,22226,1
Bagre marinus,2021,1692.9,97
Bairdiella chrysoura,2021,617.8,24
Beroe ovata,2021,0,NA
Brevoortia patronus,2021,431.3,128
Callinectes sapidus,2021,3890,185
Callinectes similis,2021,20.8,27
Caranx hippos,2021,1,1
Centropristis philadelphica,2021,14.3,1
Chaetodipterus faber,2021,108.6,3
Chloroscombrus chrysurus,2021,264.5,128
Chrysaora quinquecirrha,2021,0,81
Citharichthys spilopterus,2021,74.6,15
Clibanarius vittatus,2021,1.7,1
Ctenogobius boleosoma,2021,0.1,1
Ctenogobius shufeldti,2021,32.7,24
Cynoscion arenarius,2021,4945.8,1231
Cynoscion arenarius YOY,2021,63.1,63
Cynoscion nebulosus,2021,0.9,1
Cynoscion nothus,2021,274.9,5
Dasyatis sabina,2021,973.2,2
Dasyatis say,2021,7153.5,3
Dorosoma petenense,2021,414.6,40
Elops saurus,2021,55.9,1
Etropus crossotus,2021,530.3,23
Eucinostomus argenteus,2021,11.4,2
Farfantepenaeus aztecus,2021,2130.1,542
Farfantepenaeus duorarum,2021,25.9,3
Gobionellus oceanicus,2021,16,2
Harengula jaguana,2021,148.8,30
Hemicaranx amblyrhynchus,2021,8.3,4
Hirudinea,2021,0.1,2
Ictalurus furcatus,2021,26092.5,196
Ictalurus furcatus YOY,2021,2296.7,626
Ictalurus punctatus,2021,254.6,7
Lagodon rhomboides,2021,71.3,6
Larimus fasciatus,2021,500.9,35
Latreutes pulverus,2021,0,6
Leander tenuicornis,2021,0,1
Leiostomus xanthurus,2021,5134.6,877
Lepisosteus osseus,2021,209.3,1
Lepomis macrochirus,2021,3.2,2
Lepomis microlophus,2021,287.5,2
Litopenaeus setiferus,2021,8393.6,1787
Livoneca redmanii,2021,1.82,16
Lolliguncula brevis,2021,1560.7,358
Lutjanus griseus,2021,12.2,1
Macoma mitchilli,2021,0.2,1
Macrobrachium ohione,2021,190.4,300
Mellita quinquiesperforata,2021,0.9,1
Menticirrhus americanus,2021,107.1,34
Micropogonias undulatus,2021,43949.8,2764
Micropogonias undulatus YOY,2021,303.8,136
Mnemiopsis mccradyi,2021,0,NA
Mulinia lateralis,2021,1.3,4
Myzobdella lugubris,2021,0.1,1
Ophichthus gomesii,2021,8,1
Ophidion welshi,2021,10.9,1
Opisthonema oglinum,2021,36.1,7
Orthopristis chrysoptera,2021,0.1,1
Ovalipes floridanus,2021,1.6,1
Paguridae,2021,0.8,250
Pagurus gymnodactylus,2021,0,5
Pagurus longicarpus,2021,0.6,3
Pagurus pollicaris,2021,0.3,3
Palaemonetes pugio,2021,0.3,1
Palaemonetes vulgaris,2021,1.9,9
Paralichthys lethostigma,2021,501,5
Paranthus rapiformes,2021,1.4,4
Peprilus burti,2021,441.9,39
Peprilus paru,2021,89.3,15
Pogonias cromis,2021,49.6,1
Pomoxis nigromaculatus,2021,116.7,1
Porichthys plectrodon,2021,52,2
Portunus gibbesii,2021,1.6,10
Prionotus tribulus,2021,65.9,13
Rhithropanopeus harrisii,2021,1,3
Rhopilema verrilli,2021,0,1
Rimapenaeus similis,2021,33.8,26
Scomberomorus maculatus,2021,67.9,5
Selene setapinnis,2021,122.7,23
Selene vomer,2021,50,7
Sicyonia dorsalis,2021,0,1
Sphoeroides parvus,2021,59.4,34
Sphyraena guachancho,2021,2.2,1
Squilla empusa,2021,83.7,26
Stellifer lanceolatus,2021,249.9,32
Sygnathus louisiane,2021,3.7,1
Symphurus plagiusa,2021,100.9,9
Syngnathus louisianae,2021,0.1,1
Synodus foetens,2021,195.7,8
Trichiurus lepturus,2021,243.1,22
Trinectes maculatus,2021,925.7,611
Upogebia affinis,2021,0,1
Urophycis floridana,2021,185.1,6
Xiphopenaeus kroyeri,2021,1.1,1
Anchoa hepsetus,2022,1224,147
Anchoa lyolepis,2022,70.5,144
Anchoa mitchilli,2022,8532.9,15605
Anchoa sp,2022,0,1
Ariopsis felis,2022,3996.3,18
Bagre marinus,2022,197.5,10
Bairdiella chrysoura,2022,215.4,18
Brevoortia patronus,2022,20.7,2
Callinectes sapidus,2022,519,2
Callinectes similis,2022,1.9,3
Callinetes similis,2022,8.5,16
Chaetodipterus faber,2022,5.8,1
Chloroscombrus chrysurus,2022,359.3,89
Chrysaora quinquecirrha,2022,35.2,4
Citharichthys spilopterus,2022,23.4,1
Cynoscion arenarius,2022,1161.5,45
Cynoscion nebulosus,2022,49.4,1
Dorosoma cepedianum,2022,11.8,3
Dorosoma petenense,2022,115.3,33
Etropus crossotus,2022,14.4,3
Eucinostomus gula,2022,29.8,3
Farfantepenaeus aztecus,2022,7.5,1
Gobiosoma bosc,2022,0.5,1
Harengula jaguana,2022,134.5,10
Ictalurus furcatus,2022,5540.6,17
Lagodon rhomboides,2022,112.6,4
Leiostomus xanthurus,2022,2149.5,87
Libinia dubia,2022,3.7,1
Litopenaeus setiferus,2022,707.5,148.1
Lolliguncula brevis,2022,353.4,56
Lutjanus griseus,2022,13.7,1
Menippe adina,2022,9.8,1
Microgobius thalassinus,2022,0.2,1
Micropogonias undulatus,2022,6814.9,267
Opisthonema oglinum,2022,60.6,7
Panopeidae sp.,2022,0.1,1
Peprilis paru,2022,15.9,1
Peprilus burti,2022,23.5,4
Peprilus paru,2022,116.7,6
Portunus gibbesii,2022,9.3,2
Prionotus tribulus,2022,3.7,2
Sciaenops ocellatus,2022,2.4,3
Selene setapinnis,2022,560.7,307.8
Selene vomer,2022,48.9,2
Synodus foetens,2022,37.3,1
Trinectes maculatus,2022,22.3,2
